City_Name,City_Code,Date,Cumulative_verified_cases,Cumulated_recovered,Cumulated_deaths,Cumulated_number_of_tests,Cumulated_number_of_diagnostic_tests,Cumulated_vaccinated,Active_cases,UID,population_60+,total_pop,vaccination_60+,name_h,name_e,Index,Rank,"Active cases per 10,000 people - 12/1/21",60+ Vaccination [%] - 12/1/21,VNR,weight
אבו גוש,472,2021-01-12,631,478,1,10056,9719,957,152,472,724,7698,350.0,אבו גוש,ABU GHOSH,-0.783,65,197.45388412574692,48.34254143646409,4.084474631629736,0.05408025839009644
אבו סנאן,473,2021-01-12,864,747,1,12506,11818,1065,116,473,1446,14099,461.0,אבו סנאן,ABU SINAN,-0.792,63,82.27533867650189,31.88105117565698,2.580697174104593,0.10801112380121472
אבן יהודה,182,2021-01-12,380,323,1,16875,16395,3167,56,182,2519,13826,1757.0,אבן יהודה,EVEN YEHUDA,1.499,243,40.503399392449005,69.74990075426757,0.5806947243573081,0.1881604570230013
אום אל-פחם,2710,2021-01-12,4246,3822,36,41749,39343,4788,388,2710,3960,56109,1681.0,אום אל-פחם,UMM AL-FAHM,-1.413,17,69.15111657666328,42.44949494949495,1.62902094969415,0.2957980983767706
אופקים,31,2021-01-12,2089,1865,1,37716,36682,4449,223,31,3958,30662,1906.0,אופקים,OFAQIM,-0.703,73,72.72845867849456,48.155634158666,1.5102793255481712,0.2956487053977924
אור יהודה,2400,2021-01-12,2441,2186,22,41394,38856,6291,233,2400,6743,36813,3941.0,אור יהודה,OR YEHUDA,0.12,136,63.29285850107299,58.445795639922885,1.0829326183017893,0.50367842862489
אור עקיבא,1020,2021-01-12,947,795,1,19932,19272,3255,151,1020,3768,18972,1714.0,אור עקיבא,OR AQIVA,0.0,127,79.5909761754164,45.48832271762208,1.7497012732145214,0.2814563723948666
אורנית,3760,2021-01-12,224,204,1,9116,8969,1888,19,3760,1160,8955,951.0,אורנית,ORANIT,1.312,230,21.21719709659408,81.98275862068965,0.2588007216829562,0.08664792780733684
אזור,565,2021-01-12,655,577,1,13754,13211,2339,77,565,2577,12957,1548.0,אזור,AZOR,0.593,177,59.427336574824416,60.06984866123399,0.9893039170111274,0.19249285341336814
אילת,2600,2021-01-12,1248,1094,1,93015,91719,10819,153,2600,8043,52299,5697.0,אילת,ELAT,0.247,148,29.254861469626572,70.83177918687056,0.4130188709850914,0.6007838649606985
אכסאל,478,2021-01-12,1050,961,1,13977,13458,1742,88,478,1094,14784,610.0,אכסאל,IKSAL,-0.853,58,59.523809523809526,55.758683729433265,1.0675253708040595,0.08171795950105733
אליכין,41,2021-01-12,125,111,1,3239,3174,638,13,41,584,3415,372.0,אליכין,ELYAKHIN,0.42,162,38.067349926793554,63.6986301369863,0.5976164612163289,0.04362274986162475
אלעד,1309,2021-01-12,7719,6359,1,52464,49139,1731,1359,1309,1246,48763,515.0,אלעד,EL'AD,-1.38,19,278.6949121259972,41.3322632423756,6.742793407941601,0.09307182590339802
אלפי מנשה,3750,2021-01-12,193,166,1,7605,7445,1581,26,3750,1151,7952,801.0,אלפי מנשה,ALFE MENASHE,1.192,222,32.69617706237425,69.59165942658558,0.4698289612833053,0.08597565940193509
אלקנה,3560,2021-01-12,157,120,1,6086,5983,1044,36,3560,675,3838,549.0,אלקנה,ELQANA,0.964,205,93.79885356956748,81.33333333333333,1.1532645930684526,0.05042013040513135
אעבלין,529,2021-01-12,894,775,1,12170,11847,1315,118,529,1298,13305,547.0,אעבלין,I'BILLIN,-0.771,68,88.68846298384067,42.14175654853621,2.1045269644063107,0.09695604335683036
אפרת,3650,2021-01-12,624,489,0,19574,19206,2244,135,3650,1121,10806,816.0,אפרת,EFRAT,0.557,171,124.9305941143809,72.7921498661909,1.716264656889963,0.08373476471726259
אריאל,3570,2021-01-12,554,456,1,19775,19295,3470,97,3570,3519,20540,1880.0,אריאל,ARI'EL,0.36,158,47.22492697176242,53.42426825802785,0.88396020220017,0.26285694651208474
אשדוד,70,2021-01-12,16939,14960,116,266234,255345,37822,1863,70,44391,225939,20105.0,אשדוד,ASHDOD,-0.131,112,82.45588411031295,45.29071208127773,1.8205914705500634,3.315851864909905
אשקלון,7100,2021-01-12,6088,5288,59,149140,143918,27883,741,7100,30206,144073,15321.0,אשקלון,ASHQELON,-0.014,125,51.43226003484345,50.721710918360586,1.0140087765893098,2.2562821615072557
באקה אל-גרביה,6000,2021-01-12,1924,1771,21,25005,23269,4371,132,6000,2494,29950,1421.0,באקה אל-גרביה,BAQA AL-GHARBIYYE,-0.702,74,44.073455759599334,56.97674418604651,0.7735341214950088,0.18629304478577421
באר יעקב,2530,2021-01-12,1300,1155,1,27512,26721,4034,144,2530,2902,27768,1838.0,באר יעקב,BE'ER YA'AQOV,0.762,192,51.85825410544511,63.33563059958649,0.8187848390315654,0.21676921249732026
באר שבע,9000,2021-01-12,8647,7472,71,256509,248422,46585,1104,9000,44496,209687,22287.0,באר שבע,BE'ER SHEVA,0.039,130,52.64990199678569,50.08764832793959,1.0511553996719953,3.323694996306258
בועיינה-נוג'ידאת,482,2021-01-12,523,478,1,9259,9066,816,44,482,624,9812,268.0,בועיינה-נוג'ידאת,BU'EINE-NUJEIDAT,-1.17,31,44.843049327354265,42.94871794871795,1.0441068201592933,0.04661060944118809
בוקעאתא,4001,2021-01-12,875,851,1,5432,5247,767,23,4001,672,6610,258.0,בוקעאתא,BUQ'ATA,-1.214,25,34.79576399394856,38.392857142857146,0.906308271470288,0.050196040936664105
ביר אל-מכסור,998,2021-01-12,276,225,1,5411,5206,1016,50,998,747,9522,409.0,ביר אל-מכסור,BIR EL-MAKSUR,-1.209,26,52.509976895610166,54.75234270414994,0.9590452992914619,0.055798277648345364
בית אל,3574,2021-01-12,234,180,1,9437,9300,978,53,3574,441,5973,401.0,בית אל,BET EL,-0.599,80,88.73263016909425,90.9297052154195,0.9758376534805627,0.03294115186468582
בית אריה,3652,2021-01-12,153,128,0,4789,4666,975,25,3652,594,5253,426.0,בית אריה,BET ARYE,0.886,203,47.59185227489054,71.71717171717171,0.6636047007343893,0.04436971475651559
בית ג'ן,480,2021-01-12,1130,1008,1,16800,16219,1077,121,480,1286,12001,420.0,בית ג'ן,BEIT JANN,-0.543,83,100.8249312557287,32.65940902021773,3.0871633713063598,0.09605968548296136
בית דגן,466,2021-01-12,268,222,1,5952,5762,1273,45,466,1256,7285,710.0,בית דגן,BET DAGAN,0.633,179,61.770761839396016,56.52866242038217,1.0927334770462167,0.09381879079828886
בית שאן,9200,2021-01-12,1042,895,1,16909,16181,3551,146,9200,3042,18464,2065.0,בית שאן,BET SHE'AN,-0.204,105,79.07279029462738,67.88297172912557,1.1648398454056006,0.22722672102579197
בית שמש,2610,2021-01-12,12234,9812,19,112816,107835,10163,2403,2610,7152,124957,3799.0,בית שמש,BET SHEMESH,-1.338,21,192.30615331674096,53.11800894854586,3.620356958466258,0.5342292928259251
ביתר עילית,3780,2021-01-12,8816,7167,1,51513,48602,2136,1648,3780,1060,59270,373.0,ביתר עילית,BETAR ILLIT,-1.908,11,278.0496035093639,35.18867924528302,7.901677740480583,0.07917827885842849
בני ברק,6100,2021-01-12,33380,29076,156,257759,235076,14658,4148,6100,18711,204639,8781.0,בני ברק,BENE BERAQ,-1.392,18,202.6984103714346,46.92961359628026,4.319200497050351,1.397646014830241
"בני עי""ש",1066,2021-01-12,214,183,1,8571,8355,1038,30,1066,1792,6978,616.0,"בני עי""ש",BENE AYISH,0.132,138,42.992261392949274,34.375,1.250683967794888,0.1338561091644376
בנימינה-גבעת עדה,9800,2021-01-12,316,285,0,15610,15167,2631,31,9800,1997,15847,1162.0,בנימינה-גבעת עדה,BINYAMINA-GIV'AT ADA,1.322,232,19.562062219978547,58.187280921382076,0.33619137911615454,0.1491688895096997
"בסמ""ה",1326,2021-01-12,592,531,1,8200,7768,754,60,1326,698,10010,230.0,"בסמ""ה",BASMA,-1.18,30,59.940059940059946,32.95128939828081,1.8190505147026885,0.05213814966338027
בענה,483,2021-01-12,720,676,1,8932,8386,518,43,483,669,8381,170.0,בענה,BI'NE,-1.142,34,51.30652666746212,25.411061285500747,2.0190627259136567,0.04997195146819685
בת ים,6200,2021-01-12,5383,4577,133,135302,128975,25495,673,6200,36629,129013,18541.0,בת ים,BAT YAM,-0.024,122,52.16528566888608,50.618362499658744,1.0305605138696015,2.7360577134956388
גבעת זאב,3730,2021-01-12,2219,1803,1,24691,23936,2677,415,3730,2117,18420,1393.0,גבעת זאב,GIV'AT ZE'EV,-0.084,115,225.2985884907709,65.80066131317903,3.42395629457977,0.15813246824838972
גבעת שמואל,681,2021-01-12,1078,870,1,46637,45785,5609,207,681,4294,26578,2964.0,גבעת שמואל,GIV'AT SHEMU'EL,1.129,216,77.8839641809015,69.02654867256636,1.1283189682617782,0.32074672586612446
גבעתיים,6300,2021-01-12,1269,1102,17,54972,53530,13551,150,6300,12500,60644,8303.0,גבעתיים,GIV'ATAYIM,1.453,241,24.734516192863268,66.424,0.3723731812727819,0.9337061186135436
ג'דיידה-מכר,1292,2021-01-12,1307,1170,15,19898,19051,1751,122,1292,1857,21163,720.0,ג'דיידה-מכר,JUDEIDE-MAKER,-0.993,43,57.647781505457644,38.77221324717286,1.486832364661595,0.13871138098122804
גדרה,2550,2021-01-12,1019,894,22,35060,34018,4992,103,2550,4067,28313,2385.0,גדרה,GEDERA,0.753,190,36.379048493624836,58.642734202114575,0.6203504831177032,0.30379062275210256
ג'ולס,485,2021-01-12,512,450,1,6294,5945,507,61,485,687,6465,208.0,ג'ולס,JULIS,-0.326,98,94.35421500386698,30.27656477438137,3.1164108513296447,0.05131648827900035
ג'לג'וליה,627,2021-01-12,666,609,1,9804,9233,478,56,627,895,10148,189.0,ג'לג'וליה,JALJULYE,-1.062,37,55.183287347260546,21.11731843575419,2.613176834698317,0.06685335809272971
גן יבנה,166,2021-01-12,1020,881,1,23665,22983,4307,138,166,2715,23869,1739.0,גן יבנה,GAN YAVNE,0.761,191,57.81557668942981,64.05156537753223,0.9026411196768369,0.20280096896286168
גני תקווה,229,2021-01-12,759,565,1,23760,23095,5135,193,229,3930,20398,3065.0,גני תקווה,GANNE TIQWA,1.411,239,94.61711932542406,77.98982188295165,1.2131982999964652,0.2935572036920981
ג'ש (גוש חלב),487,2021-01-12,202,110,1,3557,3485,702,91,487,467,3105,287.0,ג'ש (גוש חלב),JISH(GUSH HALAV),0.419,161,293.0756843800322,61.45610278372591,4.768862181375437,0.03488326059140198
ג'ת,628,2021-01-12,858,791,1,12514,11843,1693,66,628,1187,12100,572.0,ג'ת,JATT,-0.137,111,54.54545454545455,48.188711036225776,1.1319135410044503,0.0886647330235421
דאלית אל-כרמל,494,2021-01-12,1558,1277,1,17273,16701,2703,280,494,2124,17653,1012.0,דאלית אל-כרמל,DALIYAT AL-KARMEL,-0.294,100,158.6132668668215,47.64595103578154,3.328997814477558,0.15865534367481332
דבוריה,489,2021-01-12,813,740,1,15978,14948,1228,72,489,1036,10510,372.0,דבורייה,DABURIYYA,-0.625,79,68.50618458610847,35.907335907335906,1.9078604094410856,0.07738556311069049
דייר אל-אסד,490,2021-01-12,1115,1044,1,13621,12458,1268,70,490,1014,12514,450.0,דייר אל-אסד,DEIR AL-ASAD,-0.636,78,55.93735016781205,44.37869822485207,1.2604549571146981,0.07574224034193065
דייר חנא,492,2021-01-12,857,687,1,11998,11559,1239,169,492,967,10339,495.0,דייר חנא,DEIR HANNA,-0.745,70,163.45874842828127,51.18924508790072,3.1932244389928885,0.07223150533594373
דימונה,2200,2021-01-12,1301,1133,1,52883,51283,8917,167,2200,6170,34500,3711.0,דימונה,DIMONA,-0.274,102,48.405797101449274,60.14586709886548,0.804806704704775,0.4608773401476451
הוד השרון,9700,2021-01-12,1589,1370,19,67727,66453,15274,200,9700,11813,63175,8388.0,הוד השרון,HOD HASHARON,1.491,242,31.658092599920856,71.00651824261406,0.44584769656993933,0.8823896303345432
הר אדר,3769,2021-01-12,138,105,1,6244,6098,1152,32,3769,640,4088,512.0,הר אדר,HAR ADAR,1.758,250,78.27788649706459,80.0,0.9784735812133073,0.04780575327301343
הרצליה,6400,2021-01-12,2631,2283,47,101176,98727,25181,301,6400,24016,97470,16514.0,הרצלייה,HERZLIYYA,1.221,224,30.881296809274648,68.76249167221852,0.4491008987353397,1.793910891569829
זכרון יעקב,9300,2021-01-12,726,612,1,20558,20066,5237,113,9300,3923,23206,2748.0,זכרון יעקב,ZIKHRON YA'AQOV,1.176,220,48.69430319744893,70.04843232220239,0.6951519339286469,0.2930343282656745
זמר,1290,2021-01-12,402,369,1,5943,5639,793,32,1290,658,7094,310.0,זמר,ZEMER,-0.546,82,45.10854243022272,47.11246200607903,0.9574651909382758,0.04915029008381694
זרזיר,975,2021-01-12,273,226,1,4093,3928,616,46,975,535,8119,199.0,זרזיר,ZARZIR,-1.109,36,56.657223796033996,37.19626168224299,1.5231967201446326,0.039962621876659665
חדרה,6500,2021-01-12,3995,3519,71,110569,106182,19532,405,6500,20256,97335,11133.0,חדרה,HADERA,0.268,150,41.608876560332874,54.96149289099526,0.7570550647678996,1.513052091090875
חולון,6600,2021-01-12,8513,7299,105,189928,183401,39301,1109,6600,44356,196282,26933.0,חולון,HOLON,0.482,165,56.500341345614984,60.72008296510055,0.9305050089949497,3.313237487777787
חורפיש,496,2021-01-12,592,523,1,9742,9483,503,68,496,604,6410,177.0,חורפיש,HURFEISH,-0.329,96,106.08424336973479,29.304635761589402,3.6200498867412327,0.04511667965140642
חיפה,4000,2021-01-12,10782,8629,155,308486,301043,70146,1998,4000,73933,285316,43935.0,חיפה,HAIFA,0.542,169,70.02761850018926,59.425425723290004,1.1784117260895626,5.522535557396409
חצור הגלילית,2034,2021-01-12,793,621,1,10820,10555,2273,171,2034,1530,9272,1126.0,חצור הגלילית,HAZOR HAGELILIT,-0.422,92,184.4262295081967,73.59477124183007,2.505969193139795,0.11428562891829773
חריש,1247,2021-01-12,641,564,0,14175,13867,992,77,1247,623,13232,374.0,חריש,HARISH,0.032,129,58.192261185006046,60.03210272873194,0.9693523721459564,0.04653591295169901
טבריה,6700,2021-01-12,2780,2384,25,50778,48053,9756,371,6700,8537,44779,5244.0,טבריה,TIBERIAS,-0.476,89,82.85133656401439,61.426730701651636,1.3487831049713783,0.6376839307683057
טורעאן,498,2021-01-12,905,751,1,10418,10107,1047,153,498,1190,14240,420.0,טורעאן,TUR'AN,-0.855,57,107.4438202247191,35.294117647058826,3.0442415730337076,0.08888882249200934
טייבה,2730,2021-01-12,2928,2727,18,38329,36329,2974,183,2730,3756,43957,1248.0,טייבה,TAYIBE,-0.822,59,41.63159451281935,33.22683706070288,1.2529508733185053,0.28056001452099755
טירה,2720,2021-01-12,2049,1896,1,27174,25778,3061,152,2720,2806,26552,1152.0,טירה,TIRE,-0.406,93,57.246158481470324,41.054882394868145,1.394381256067758,0.20959834950636824
טירת כרמל,2100,2021-01-12,751,605,1,18222,17751,5130,145,2100,4777,23112,3027.0,טירת כרמל,TIRAT KARMEL,-0.02,123,62.737971616476294,63.36612936989743,0.9900868530290956,0.35682513028935176
טמרה,8900,2021-01-12,2920,2438,23,34466,33041,4598,459,8900,2946,34392,1584.0,טמרה,TAMRA,-0.922,49,133.4612700628053,53.76782077393075,2.482177409122629,0.22005585803483996
יאנוח-ג'ת,1295,2021-01-12,596,530,1,11098,10754,406,65,1295,569,6679,134.0,יאנוח-ג'ת,YANUH-JAT,-0.484,88,97.3199580775565,23.550087873462214,4.1324668765768395,0.0425023025192885
יבנאל,46,2021-01-12,219,188,1,2666,2433,510,30,46,573,4243,323.0,יבנאל,YAVNE'EL,-1.026,40,70.70469007777515,56.36998254799301,1.2542968239803458,0.042801088477244835
יבנה,2660,2021-01-12,2468,2075,1,48678,47091,8720,392,2660,7822,47585,5023.0,יבנה,YAVNE,0.524,168,82.37890091415362,64.21631296343647,1.282834487259625,0.584275940783611
יהוד,9400,2021-01-12,1167,1023,1,30550,29521,6624,143,9400,6452,29928,4303.0,יהוד,YEHUD,1.011,209,47.781341887195936,66.692498450093,0.7164425234863773,0.4819417501835666
יפיע,499,2021-01-12,1422,1204,1,13733,13146,1421,217,499,1795,19151,566.0,יפיע,YAFI,-0.909,50,113.31000992115294,31.53203342618384,3.5934888305383312,0.13408019863290485
יקנעם עילית,240,2021-01-12,622,522,1,18611,18231,5529,99,240,3618,23796,2443.0,יקנעם עילית,YOQNE'AM ILLIT,0.84,198,41.6036308623298,67.52349364289663,0.6161356383950439,0.27025189897150403
ירוחם,831,2021-01-12,537,415,1,13187,12955,2457,121,831,1323,10294,789.0,ירוחם,YEROHAM,-0.439,91,117.54420050514862,59.63718820861678,1.9709883050483097,0.09882345559405746
ירושלים,3000,2021-01-12,81465,65486,518,952077,905858,101863,15461,3000,116491,936425,55393.0,ירושלים,JERUSALEM,-1.041,38,165.1066556317911,47.55131297696818,3.472178690665423,8.701468757072824
ירכא,502,2021-01-12,1461,1316,22,19629,18714,1026,123,502,1525,17171,413.0,ירכא,YIRKA,-0.787,64,71.63240347096848,27.081967213114755,2.645022162063606,0.11391214647085231
כאבול,504,2021-01-12,954,794,1,11791,11454,1540,159,504,1027,14095,464.0,כאבול,KABUL,-0.958,45,112.8059595601277,45.18013631937682,2.4968043204364476,0.07671329470528875
כאוכב אבו אל-היג'א,505,2021-01-12,327,277,1,5056,4910,568,49,505,357,3589,197.0,כאוכב אבו אל-היג'א,KAOKAB ABU AL-HIJA,-0.513,86,136.52828085817777,55.182072829131656,2.4741419424553026,0.026666646747602805
כוכב יאיר,1224,2021-01-12,182,163,1,7621,7432,2376,18,1224,1750,8702,1387.0,כוכב יאיר,KOKHAV YA'IR,1.809,251,20.68490002298322,79.25714285714285,0.26098467945364556,0.1307188566058961
כסרא-סמיע,1296,2021-01-12,546,523,1,8447,7956,456,22,1296,586,8818,143.0,כסרא-סמיע,KISRA-SUMEI,-0.78,67,24.948968019959175,24.40273037542662,1.0223842838948305,0.04377214284060292
כפר ברא,633,2021-01-12,292,271,0,3519,3261,271,21,633,210,3678,79.0,כפר ברא,KAFAR BARA,-0.668,77,57.09624796084829,37.61904761904762,1.5177483635162203,0.01568626279270753
כפר ורדים,1263,2021-01-12,154,122,1,6738,6608,1864,31,1263,1277,5486,1069.0,כפר ורדים,KEFAR WERADIM,1.545,245,56.507473569084944,83.71182458888019,0.675023795582053,0.09538741707755961
כפר יאסיף,507,2021-01-12,632,511,1,12537,12049,1570,120,507,1293,10133,753.0,כפר יאסיף,KAFAR YASIF,-0.161,108,118.42494818908516,58.23665893271461,2.0335120585456457,0.09658256090938494
כפר יונה,168,2021-01-12,796,686,1,22511,22079,4636,109,168,3338,24778,2326.0,כפר יונה,KEFAR YONA,0.776,195,43.99063685527484,69.68244457759137,0.631301572755406,0.24933688191456066
כפר כמא,508,2021-01-12,111,96,0,2836,2786,698,15,508,597,3373,385.0,כפר כמא,KAFAR KAMA,0.223,144,44.47079750963534,64.4891122278057,0.6895861328117479,0.04459380422498284
כפר כנא,509,2021-01-12,1675,1354,1,18731,18093,3616,320,509,1831,22751,1041.0,כפר כנא,KAFAR KANNA,-1.156,32,140.65315810294052,56.85417804478428,2.4739282659604616,0.13676927225451185
כפר מנדא,510,2021-01-12,1287,1193,1,10112,9593,1549,93,510,1203,20188,498.0,כפר מנדא,KAFAR MANDA,-1.446,16,46.06697047751139,41.39650872817955,1.1128226000892814,0.08985987685536742
כפר סבא,6900,2021-01-12,2598,2184,39,111183,108898,27016,375,6900,24450,101432,16703.0,כפר סבא,KEFAR SAVA,1.172,219,36.97058127612588,68.31492842535786,0.541178657846661,1.8263291680080913
כפר קאסם,634,2021-01-12,2415,2251,1,25849,24104,2240,163,634,1572,23823,732.0,כפר קאסם,KAFAR QASEM,-0.793,62,68.42127355916551,46.56488549618321,1.4693748911886364,0.11742288147683923
כפר קרע,654,2021-01-12,1265,1214,1,18686,17622,2144,50,654,1727,19018,759.0,כפר קרע,KAFAR QARA,-0.286,101,26.290882322010727,43.94904458598726,0.5982128296457514,0.12900083734764717
כפר תבור,47,2021-01-12,148,114,0,4753,4688,1346,34,47,722,4311,621.0,כפר תבור,KEFAR TAVOR,1.364,234,78.86801206216656,86.01108033240997,0.9169517666486997,0.05393086541111827
כרמיאל,1139,2021-01-12,1642,1358,25,48745,47539,11234,259,1139,11420,46252,6114.0,כרמיאל,KARMI'EL,0.3,154,55.99757848309262,53.53765323992995,1.0459475732366987,0.8530339099653333
להבים,1271,2021-01-12,201,173,1,9073,8827,2704,27,1271,1246,6415,1080.0,להבים,LEHAVIM,1.989,253,42.08885424785659,86.67736757624398,0.48558067030397506,0.09307182590339802
לוד,7000,2021-01-12,4553,3927,46,79181,75461,10336,580,7000,13068,77223,5786.0,לוד,LOD,-0.522,84,75.10715719410021,44.27609427609428,1.6963365541177005,0.9761337246433429
מבשרת ציון,1015,2021-01-12,1199,930,1,34970,34237,6928,268,1015,5251,24052,4008.0,מבשרת ציון,MEVASSERET ZIYYON,1.058,212,111.425245301846,76.3283184155399,1.459815277145692,0.39223126630717736
מגאר,481,2021-01-12,1265,1073,1,21381,20865,2655,191,481,1994,22957,965.0,מגאר,MUGHAR,-0.944,46,83.1990242627521,48.395185556670015,1.7191591127453645,0.14894480004123248
מג'ד אל-כרום,516,2021-01-12,1724,1575,1,20035,19031,1226,148,516,1266,15455,494.0,מג'ד אל-כרום,MAJD AL-KURUM,-0.86,56,95.7618893561954,39.02053712480253,2.454140727225574,0.09456575569317968
מגדל העמק,874,2021-01-12,1263,1065,1,27487,26249,5165,197,874,5162,25675,3038.0,מגדל העמק,MIGDAL HAEMEQ,-0.214,104,76.72833495618306,58.85315769081751,1.303725033060622,0.38558327874264897
מג'דל שמס,4201,2021-01-12,1522,1330,1,12783,12544,1563,191,4201,1224,11180,528.0,מג'דל שמס,MAJDAL SHAMS,-0.898,52,170.84078711985688,43.13725490196079,3.9604000650512274,0.09142850313463818
מודיעין עילית,3797,2021-01-12,15956,12730,15,111501,107442,2336,3211,3797,961,76374,501.0,מודיעין עילית,MODI'IN ILLIT,-2.234,5,420.4310367402519,52.13319458896982,8.064555415317008,0.07178332639900922
מודיעין-מכבים-רעות,1200,2021-01-12,3071,2637,1,102955,100700,20471,433,1200,11228,93277,8686.0,מודיעין-מכבים-רעות,MODI'IN-MAKKABBIM-RE'UT,1.391,238,46.42087545697224,77.36017100106875,0.6000616965586971,0.8386921839834293
מזכרת בתיה,28,2021-01-12,438,398,1,16291,15828,3119,39,28,1875,14837,1380.0,מזכרת בתיה,MAZKERET BATYA,1.263,226,26.285637258205835,73.6,0.35714181057344885,0.14005591779203153
מזרעה,517,2021-01-12,162,147,1,3503,3347,434,14,517,461,3929,165.0,מזרעה,MAZRA'A,-0.503,87,35.63247645711377,35.791757049891544,0.9955497967714815,0.034435081654467486
מיתר,1268,2021-01-12,269,206,1,12230,12044,3129,62,1268,1274,9418,1109.0,מיתר,METAR,1.576,246,65.83138670630707,87.04866562009418,0.7562595731635277,0.09516332760909235
מעיליא,518,2021-01-12,191,148,1,4742,4591,609,42,518,677,3244,325.0,מעיליא,MI'ELYA,0.762,193,129.46979038224413,48.005908419497786,2.696955325808593,0.05056952338410951
מעלה אדומים,3616,2021-01-12,2127,1741,1,53871,52698,7889,385,3616,5712,38155,3633.0,מעלה אדומים,MA'ALE ADUMMIM,0.355,157,100.90420652601232,63.60294117647059,1.586470761565049,0.4266663479616449
מעלה עירון,1327,2021-01-12,1315,1189,1,12827,12206,1233,125,1327,1170,15065,413.0,מעלה עירון,MA'ALE IRON,-1.229,23,82.97378028542981,35.2991452991453,2.3505889330254934,0.08739489270222767
מעלות-תרשיחא,1063,2021-01-12,883,716,1,28867,28309,4079,166,1063,4485,21836,1955.0,מעלות-תרשיחא,MA'ALOT-TARSHIHA,0.042,131,76.02124931306099,43.58974358974359,1.744016896005517,0.3350137553585394
מצפה רמון,99,2021-01-12,96,90,1,4644,4516,658,5,99,656,5211,287.0,מצפה רמון,MIZPE RAMON,-0.69,76,9.595087315294569,43.75,0.21931628149244728,0.049000897104838764
משהד,520,2021-01-12,450,378,1,4865,4745,649,71,520,650,8373,192.0,משהד,MESHHED,-1.194,27,84.79636928221665,29.53846153846154,2.870710418408376,0.04855271816790426
נהריה,9100,2021-01-12,2093,1736,23,70729,68813,15164,334,9100,13617,58096,9092.0,נהרייה,NAHARIYYA,0.331,156,57.491049297714135,66.76947932731146,0.8610378555730018,1.0171420973728498
נוף הגליל,1061,2021-01-12,1735,1360,21,46330,45202,9206,354,1061,10234,41734,4827.0,נצרת עילית,NAZERAT ILLIT,-0.033,120,84.82292615133943,47.166308383818645,1.7983795861462766,0.7644438734312803
נחף,522,2021-01-12,874,740,1,9966,9528,858,133,522,856,13113,300.0,נחף,NAHEF,-1.181,28,101.42606573629223,35.046728971962615,2.8940237423422053,0.06394019500265545
נס ציונה,7200,2021-01-12,1418,1234,18,46123,44842,11153,166,7200,8679,50351,5773.0,נס ציונה,NES ZIYYONA,1.317,231,32.96856070385891,66.51687982486462,0.49564202035127575,0.6482908322757555
נצרת,7300,2021-01-12,5853,4733,34,58493,56287,8588,1086,7300,9659,77445,3968.0,נצרת,NAZARETH,-0.697,75,140.22854929304668,41.08085723159747,3.4134767077155694,0.7214933919750574
נשר,2500,2021-01-12,650,510,1,22822,22424,6068,139,2500,5810,24148,3324.0,נשר,NESHER,0.716,186,57.56170283253272,57.211703958691906,1.0061176096781441,0.43398660393157507
נתיבות,246,2021-01-12,3607,3194,1,43054,41372,3623,412,246,3483,37542,1591.0,נתיבות,NETIVOT,-0.716,72,109.7437536625646,45.67901234567901,2.402498390991279,0.26016787289047777
נתניה,7400,2021-01-12,9822,8508,90,213322,206053,40710,1224,7400,51379,221353,26422.0,נתניה,NETANYA,0.207,142,55.29629144398314,51.42567975242803,1.0752661259936453,3.8378309334596206
סאג'ור,525,2021-01-12,326,272,1,5488,5309,495,53,525,333,4270,179.0,סאג'ור,SAJUR,-0.522,85,124.12177985948477,53.753753753753756,2.3090811560451634,0.0248739309998648
סביון,587,2021-01-12,160,144,0,6240,6039,1487,16,587,963,4036,825.0,סביון,SAVYON,2.32,255,39.64321110009911,85.66978193146417,0.46274439138661144,0.0719327193779874
סח'נין,7500,2021-01-12,3276,2858,1,42161,40574,6581,417,7500,2527,31702,1762.0,סח'נין,SAKHNIN,-0.724,71,131.5374424326541,69.72694895132568,1.8864649093491312,0.18875802893891397
עומר,666,2021-01-12,246,216,0,9428,9200,3109,30,666,1871,7530,1562.0,עומר,OMER,1.9,252,39.8406374501992,83.48476750400854,0.4772204396243452,0.1397571318340752
עיילבון,530,2021-01-12,363,285,1,7169,6983,1136,77,530,752,5752,445.0,עיילבון,EILABUN,-0.066,117,133.8664812239221,59.17553191489362,2.2621931209076274,0.05617176009579078
עין מאהל,532,2021-01-12,1082,901,15,9483,8978,772,166,532,1065,13335,234.0,עין מאהל,EIN MAHEL,-1.221,24,124.48443944506937,21.971830985915496,5.665637949102515,0.07955176130587391
עין קנייא,4502,2021-01-12,223,178,1,2798,2739,431,44,4502,208,2098,86.0,עין קנייא,EIN QINIYYE,-1.039,39,209.72354623450906,41.34615384615385,5.072383443811382,0.015536869813729363
עכו,7600,2021-01-12,2419,2030,30,58221,56347,10157,359,7600,9665,49380,5619.0,עכו,AKKO,-0.38,94,72.70149858242203,58.137609932747026,1.2505071788558622,0.7219415709119918
עספיא,534,2021-01-12,958,797,1,12820,12488,1582,160,534,1652,12503,739.0,עספיא,ISIFYA,-0.328,97,127.96928737103096,44.73365617433414,2.8606936770898934,0.12339860063596592
עפולה,7700,2021-01-12,2280,1888,36,54477,52574,12393,356,7700,10827,54250,6475.0,עפולה,AFULA,-0.096,114,65.6221198156682,59.80419322065207,1.0972829208405246,0.8087388916983068
עראבה,531,2021-01-12,1442,1248,1,22140,21604,2934,193,531,1886,25833,907.0,עראבה,ARRABE,-0.968,44,74.71064142763133,48.09119830328738,1.5535200632030066,0.14087757917641144
ערד,2560,2021-01-12,1773,1433,1,40225,39448,6277,339,2560,5324,26756,2752.0,ערד,ARAD,-0.474,90,126.70055314695769,51.69045830202855,2.451140061607568,0.39768411003988047
ערערה,637,2021-01-12,1407,1260,1,19873,18958,1905,146,637,2251,25245,690.0,ערערה,AR'ARA,-0.757,69,57.833234303822536,30.65304309195913,1.8867044988102104,0.16814179783992692
פוריידיס,537,2021-01-12,934,838,1,10413,10009,766,95,537,1086,13247,277.0,פוריידיס,FUREIDIS,-0.904,51,71.71435041896278,25.50644567219153,2.8116167709383966,0.08112038758514466
פסוטה,535,2021-01-12,216,176,0,3967,3903,522,40,535,488,3172,225.0,פסוטה,FASSUTA,0.306,155,126.10340479192939,46.10655737704918,2.7350427350427355,0.03645188687067274
פקיעין (בוקייעה),536,2021-01-12,590,473,1,9016,8702,591,116,536,759,5893,283.0,פקיעין (בוקייעה),PEQI'IN (BUQEI'A),-0.148,110,196.84371287968776,37.285902503293805,5.279306645783852,0.05669463552221436
פרדס חנה-כרכור,7800,2021-01-12,1344,1186,1,47408,45999,7764,157,7800,6854,43011,4012.0,פרדס חנה-כרכור,PARDES HANNA-KARKUR,0.695,184,36.502290111831854,58.53516194922673,0.6235959532066189,0.5119697389581782
פרדסיה,171,2021-01-12,179,171,0,6205,6124,1800,8,171,1170,5930,1054.0,פרדסייה,PARDESIYYA,1.419,240,13.49072512647555,90.08547008547009,0.1497547286335521,0.08739489270222767
פתח תקווה,7900,2021-01-12,12254,10082,100,278984,270002,49707,2072,7900,50818,247956,30070.0,פתח תקווה,PETAH TIQWA,0.648,181,83.5632128280824,59.17194694793183,1.4122099599260032,3.7959262028562444
צפת,8000,2021-01-12,2140,1610,1,28479,27489,4467,529,8000,5001,36094,2400.0,צפת,ZEFAT,-1.181,29,146.5617554164127,47.990401919616076,3.0539805784894996,0.3735571439349065
קדומים,3557,2021-01-12,212,182,0,7952,7879,729,30,3557,517,4544,387.0,קדומים,QEDUMIM,0.086,135,66.02112676056338,74.85493230174082,0.8819876624085597,0.038618085065856164
קדימה-צורן,195,2021-01-12,485,408,1,14693,14396,3069,76,195,2853,22683,1486.0,קדימה-צורן,QADIMA-ZORAN,1.232,225,33.5052682625755,52.085524009814236,0.6432740938972267,0.2131090845123552
קלנסווה,638,2021-01-12,2116,2020,1,24505,22840,1760,95,638,1596,23143,610.0,קלנסווה,QALANSAWE,-0.872,54,41.049129326362184,38.22055137844612,1.0740067279487548,0.11921559722457725
קצרין,4100,2021-01-12,138,113,1,6691,6537,1817,24,4100,1551,7297,947.0,קצרין,QAZRIN,-0.165,107,32.89022886117583,61.05738233397808,0.5386773491413274,0.11585425519756848
קרית אונו,2620,2021-01-12,1014,816,1,38406,37295,9872,197,2620,7626,40409,5599.0,קריית אונו,QIRYAT ONO,1.54,244,48.75151575144152,73.41987936008393,0.6640097501705536,0.5696354288437506
קרית ארבע,3611,2021-01-12,353,264,1,9324,9208,611,88,3611,926,7326,287.0,קריית ארבע,QIRYAT ARBA,-0.815,60,120.12012012012012,30.99352051835853,3.875652656140461,0.06916894926689131
קרית אתא,6800,2021-01-12,2477,1997,26,68577,67003,13190,454,6800,13026,59030,7948.0,קריית אתא,QIRYAT ATTA,0.245,146,76.91004573945452,61.01642868109934,1.2604809459010249,0.9729964720848014
קרית ביאליק,9500,2021-01-12,1445,1246,1,46163,45093,11428,198,9500,10548,40231,7177.0,קריית ביאליק,QIRYAT BIALIK,0.508,166,49.215778876985404,68.04133485020857,0.7233217717631908,0.7878985711308526
קרית גת,2630,2021-01-12,3593,2965,32,63248,60550,8439,596,2630,10055,57105,4746.0,קריית גת,QIRYAT GAT,-0.363,95,104.36914455826987,47.20039781203381,2.2111920533784315,0.7510732018127344
קרית טבעון,2300,2021-01-12,376,307,1,19616,19300,5434,68,2300,4609,18130,3480.0,קריית טבעון,QIRYAT TIV'ON,1.295,228,37.50689464975179,75.50444781948362,0.4967507972434081,0.34427612005518576
קרית ים,9600,2021-01-12,1367,1098,29,47182,45951,9788,240,9600,11817,39897,5886.0,קריית ים,QIRYAT YAM,0.002,128,60.15489886457628,49.809596344249805,1.2076969756756677,0.8826884162924995
קרית יערים,1137,2021-01-12,867,677,0,13100,12644,477,190,1137,297,6128,187.0,קריית יערים,QIRYAT YE'ARIM,-1.113,35,310.0522193211488,62.96296296296296,4.9243587774535404,0.022184857378257795
קרית מוצקין,8200,2021-01-12,1422,1080,1,54513,53338,12882,341,8200,11845,43303,8153.0,קריית מוצקין,QIRYAT MOTZKIN,0.591,176,78.74743089393344,68.83073026593499,1.1440737384259065,0.8847799179981939
קרית מלאכי,1034,2021-01-12,2013,1775,1,25049,23573,2585,237,1034,3481,23819,1557.0,קריית מלאכי,QIRYAT MAL'AKHI,-0.553,81,99.50039884126119,44.72852628555013,2.224540066579513,0.2600184799114996
קרית עקרון,469,2021-01-12,391,320,1,11028,10670,1890,70,469,2090,11001,1152.0,קריית עקרון,QIRYAT EQRON,0.138,139,63.630579038269246,55.11961722488038,1.154408942621378,0.1561156630321845
קרית שמונה,2800,2021-01-12,947,820,1,20016,19429,6423,126,2800,4463,22512,3281.0,קריית שמונה,QIRYAT SHEMONA,-0.037,119,55.97014925373135,73.51557248487565,0.761337324350512,0.3333704325897796
קרני שומרון,3640,2021-01-12,323,281,0,9905,9718,1460,42,3640,1044,8135,764.0,קרני שומרון,QARNE SHOMERON,0.28,151,51.62876459741856,73.18007662835248,0.7055030136087039,0.07798313502660316
ראמה,543,2021-01-12,578,451,1,8252,8028,1186,126,543,1163,7728,558.0,ראמה,RAME,-0.233,103,163.04347826086956,47.97936371453139,3.398200093501636,0.08687201727580408
ראש העין,2640,2021-01-12,3067,2583,16,72279,70351,10730,468,2640,8082,61801,5519.0,ראש העין,ROSH HAAYIN,0.7,185,75.7269299849517,68.28755258599357,1.1089419245123746,0.6036970280507727
ראש פינה,26,2021-01-12,70,55,0,2982,2948,928,15,26,652,3148,509.0,ראש פינה,ROSH PINNA,0.669,183,47.64930114358322,78.06748466257669,0.6103603997174119,0.04870211114688243
ראשון לציון,8300,2021-01-12,8084,7001,96,234799,227920,53627,987,8300,59038,254384,34942.0,ראשון לציון,RISHON LEZIYYON,0.803,196,38.79961003836719,59.18560926860666,0.65555817567544,4.40993134645651
רהט,1161,2021-01-12,2613,2435,19,41457,38896,4095,159,1161,2379,71437,954.0,רהט,RAHAT,-1.916,10,22.25737362991167,40.10088272383354,0.5550345059283004,0.1777029484945296
רחובות,8400,2021-01-12,6524,5605,60,145155,140760,27244,859,8400,28696,143904,15725.0,רחובות,REHOVOT,0.656,182,59.692572826328664,54.79857819905213,1.0893087884415438,2.1434904623787396
ריינה,542,2021-01-12,1037,885,1,11486,11037,1188,151,542,1779,19001,487.0,ריינה,REINE,-1.016,42,79.46950160517868,27.374929735806635,2.9030029436470812,0.1328850548010795
רכסים,922,2021-01-12,1981,1616,1,19385,18597,1017,364,922,825,12668,493.0,רכסים,REKHASIM,-1.509,13,287.33817492895486,59.75757575757575,4.808397450636669,0.06162460382849387
רמלה,8500,2021-01-12,4871,4128,69,83257,78550,11397,674,8500,12963,76246,6385.0,רמלה,RAMLA,-0.297,99,88.3980798992734,49.25557355550413,1.794681769356744,0.9682905932469892
רמת גן,8600,2021-01-12,4653,3782,75,157195,152363,35849,796,8600,36633,163480,22519.0,רמת גן,RAMAT GAN,1.045,210,48.690971372644974,61.471896923538885,0.7920850634104993,2.736356499453595
רמת השרון,2650,2021-01-12,1231,1063,15,54255,53247,13317,153,2650,10999,47245,8613.0,רמת השרון,RAMAT HASHARON,1.606,247,32.38437929939676,78.30711882898446,0.4135560059376117,0.8215866878904292
רמת ישי,122,2021-01-12,168,136,0,8012,7918,2364,32,122,1532,7785,1307.0,רמת ישי,RAMAT YISHAY,1.365,235,41.10468850353244,85.31331592689295,0.48180859056933195,0.11443502189727589
רעננה,8700,2021-01-12,2583,2175,34,87795,85367,20123,374,8700,18208,75421,12285.0,רעננה,RA'ANNANA,1.215,223,49.58831094787924,67.47034270650263,0.7349645630760971,1.360073680617232
שבלי - אום אל-גנם,913,2021-01-12,332,297,1,6274,5874,713,34,913,501,6053,214.0,שבלי - אום אל-גנם,SHIBLI-UMM AL-GHANAM,-0.797,61,56.17049396993227,42.71457085828344,1.3150195083614982,0.037422941234030824
שגב-שלום,1286,2021-01-12,106,96,0,2968,2867,163,10,1286,350,10936,19.0,שגב-שלום,SEGEV-SHALOM,-2.215,6,9.144111192392101,5.428571428571429,1.6844415354406501,0.02614377132117922
שדרות,1031,2021-01-12,1474,1253,1,33095,32061,4366,220,1031,3984,27635,1943.0,שדרות,SEDEROT,-0.152,109,79.60919124298896,48.77008032128514,1.63233668508527,0.29759081412450855
שוהם,1304,2021-01-12,693,600,1,24324,23741,5206,92,1304,2566,21045,2289.0,שוהם,SHOHAM,1.671,248,43.715846994535525,89.2049883086516,0.49006056525984343,0.1916711920289882
שלומי,812,2021-01-12,293,243,1,8052,7829,1370,49,812,1129,6511,661.0,שלומי,SHELOMI,0.188,141,75.2572569497773,58.54738706820195,1.2854076111391615,0.08433233663317524
שעב,538,2021-01-12,516,452,1,7516,7311,512,63,538,481,7061,169.0,שעב,SHA'AB,-1.232,22,89.22248973233253,35.13513513513514,2.539409323151003,0.035929011444249155
שפרעם,8800,2021-01-12,2956,2442,25,42461,40760,4727,489,8800,4492,42137,2003.0,שפרעם,SHEFAR'AM,-0.782,66,116.0500272919287,44.59038290293856,2.602579743361676,0.33553663078496304
תל אביב - יפו,5000,2021-01-12,15942,13587,202,481191,464651,93499,2153,5000,90283,460613,56535.0,תל אביב -יפו,TEL AVIV - YAFO,1.113,215,46.742058951875,62.61976230298063,0.7464426122494261,6.743823160542924
תל מונד,154,2021-01-12,317,280,1,13165,12960,2848,36,154,1577,13144,1322.0,תל מונד,TEL MOND,1.367,236,27.388922702373705,83.83005707038681,0.3267195998611447,0.11779636392428465
תל שבע,1054,2021-01-12,243,218,1,6555,6388,427,24,1054,619,20808,136.0,תל שבע,TEL SHEVA,-2.329,3,11.534025374855824,21.97092084006462,0.5249677725761586,0.046237126993742675
